20A.EU1	nuc	8782	C
20A.EU1	nuc	14408	T
20A.EU1	nuc	23403	G
20A.EU1	nuc	22227	T

20A.EU2	nuc	8782	C
20A.EU2	nuc	14408	T
20A.EU2	nuc	23403	G
20A.EU2	nuc	18877	T
20A.EU2	nuc	22992	A

20A.EU3	nuc	8782	C
20A.EU3	nuc	14408	T
20A.EU3	nuc	23403	G
20A.EU3	nuc	21885	T
20A.EU3	nuc	6941	T

S.S98F	nuc	8782	C
S.S98F	nuc	14408	T
S.S98F	nuc	23403	G
S.S98F	nuc	21855	T
S.S98F	nuc	25505	G
S.S98F	nuc	25996	T

S.D80Y	nuc	8782	C
S.D80Y	nuc	14408	T
S.D80Y	nuc	23403	G
S.D80Y	nuc	3099	T
S.D80Y	nuc	21800	T
S.D80Y	nuc	27632	T